onset	duration	trial_type	value	sample
4.5	1.0	Target	2	1152
4.625	1.0	NonTarget	1	1184
4.75	1.0	NonTarget	1	1216
4.875	1.0	NonTarget	1	1248
5.0	1.0	NonTarget	1	1280
5.125	1.0	NonTarget	1	1312
5.25	1.0	NonTarget	1	1344
8.875	1.0	NonTarget	1	2272
9.0	1.0	NonTarget	1	2304
9.125	1.0	NonTarget	1	2336
9.25	1.0	NonTarget	1	2368
9.375	1.0	Target	2	2400
9.5	1.0	NonTarget	1	2432
9.625	1.0	NonTarget	1	2464
9.75	1.0	NonTarget	1	2496
9.875	1.0	NonTarget	1	2528
10.0	1.0	NonTarget	1	2560
10.125	1.0	NonTarget	1	2592
13.75	1.0	NonTarget	1	3520
13.875	1.0	NonTarget	1	3552
14.0	1.0	NonTarget	1	3584
14.125	1.0	NonTarget	1	3616
14.25	1.0	NonTarget	1	3648
14.375	1.0	NonTarget	1	3680
14.5	1.0	NonTarget	1	3712
14.625	1.0	NonTarget	1	3744
14.75	1.0	NonTarget	1	3776
14.875	1.0	Target	2	3808
15.0	1.0	NonTarget	1	3840
15.125	1.0	NonTarget	1	3872
15.25	1.0	NonTarget	1	3904
15.375	1.0	NonTarget	1	3936
15.5	1.0	NonTarget	1	3968
19.125	1.0	NonTarget	1	4896
19.25	1.0	NonTarget	1	4928
19.375	1.0	NonTarget	1	4960
19.5	1.0	NonTarget	1	4992
19.625	1.0	NonTarget	1	5024
19.75	1.0	NonTarget	1	5056
19.875	1.0	NonTarget	1	5088
20.0	1.0	NonTarget	1	5120
20.125	1.0	NonTarget	1	5152
20.25	1.0	NonTarget	1	5184
23.875	1.0	NonTarget	1	6112
24.0	1.0	NonTarget	1	6144
24.125	1.0	NonTarget	1	6176
24.25	1.0	NonTarget	1	6208
24.375	1.0	NonTarget	1	6240
24.5	1.0	NonTarget	1	6272
24.625	1.0	NonTarget	1	6304
24.75	1.0	NonTarget	1	6336
24.875	1.0	Target	2	6368
25.0	1.0	NonTarget	1	6400
28.625	1.0	NonTarget	1	7328
28.75	1.0	NonTarget	1	7360
28.875	1.0	Target	2	7392
29.0	1.0	NonTarget	1	7424
29.125	1.0	NonTarget	1	7456
29.25	1.0	NonTarget	1	7488
29.375	1.0	NonTarget	1	7520
29.5	1.0	NonTarget	1	7552
29.625	1.0	NonTarget	1	7584
